{"339":{"0":{"RowId":0,"X":-72.2356,"Y":47.5943,"Z":-107.701,"Map":72},"1":{"RowId":1,"X":-144.092,"Y":47.9212,"Z":-99.9273,"Map":72},"2":{"RowId":2,"X":-96.005,"Y":38.4242,"Z":-59.9264,"Map":72},"3":{"RowId":3,"X":-91.981,"Y":25.8393,"Z":-11.768,"Map":72},"4":{"RowId":4,"X":-147.961,"Y":31.4693,"Z":28.1063,"Map":72},"5":{"RowId":5,"X":-35.7381,"Y":22.7075,"Z":-3.93301,"Map":72},"6":{"RowId":6,"X":-39.9135,"Y":30.9619,"Z":-56.0925,"Map":72},"7":{"RowId":7,"X":-12.0237,"Y":43.3226,"Z":-91.8978,"Map":72},"8":{"RowId":8,"X":40.0482,"Y":45.3142,"Z":-99.9611,"Map":72},"9":{"RowId":9,"X":63.9979,"Y":50.9741,"Z":-124.041,"Map":72},"10":{"RowId":10,"X":3.91649,"Y":30.7432,"Z":-56.028,"Map":72},"11":{"RowId":11,"X":47.9871,"Y":31.9163,"Z":-60.0058,"Map":72},"12":{"RowId":12,"X":64.0494,"Y":26.1353,"Z":-32.0057,"Map":72},"13":{"RowId":13,"X":83.6044,"Y":36.3088,"Z":-63.1764,"Map":72},"14":{"RowId":14,"X":148.047,"Y":57.6093,"Z":-104.033,"Map":72},"15":{"RowId":15,"X":135.921,"Y":34.6152,"Z":-33.9394,"Map":72},"16":{"RowId":16,"X":111.99,"Y":27.1198,"Z":-20.0241,"Map":72},"17":{"RowId":17,"X":71.8692,"Y":24.9809,"Z":3.88334,"Map":72},"18":{"RowId":18,"X":42.0128,"Y":15.072,"Z":23.973,"Map":72},"19":{"RowId":19,"X":66.1418,"Y":14.1896,"Z":35.8438,"Map":72},"20":{"RowId":20,"X":88.0938,"Y":13.093,"Z":51.9848,"Map":72},"21":{"RowId":21,"X":119.871,"Y":24.3248,"Z":55.9862,"Map":72},"22":{"RowId":22,"X":111.91,"Y":24.9638,"Z":27.8804,"Map":72},"23":{"RowId":23,"X":150.078,"Y":29.8736,"Z":-6.00744,"Map":72},"24":{"RowId":24,"X":161.945,"Y":39.0026,"Z":23.9923,"Map":72},"25":{"RowId":25,"X":167.817,"Y":35.8595,"Z":56.1197,"Map":72},"26":{"RowId":26,"X":186.032,"Y":42.1419,"Z":-5.9631,"Map":72},"27":{"RowId":27,"X":195.948,"Y":47.3955,"Z":23.9774,"Map":72},"28":{"RowId":28,"X":195.998,"Y":45.553,"Z":63.907,"Map":72},"29":{"RowId":29,"X":140.161,"Y":28.1559,"Z":99.9734,"Map":72},"30":{"RowId":30,"X":-596.299,"Y":47.5943,"Z":-776.236,"Map":192},"31":{"RowId":31,"X":-604.073,"Y":47.9212,"Z":-848.092,"Map":192},"32":{"RowId":32,"X":-644.073,"Y":38.4242,"Z":-800.005,"Map":192},"33":{"RowId":33,"X":-692.232,"Y":25.8393,"Z":-795.981,"Map":192},"34":{"RowId":34,"X":-732.106,"Y":31.4693,"Z":-851.961,"Map":192},"35":{"RowId":35,"X":-700.067,"Y":22.7075,"Z":-739.738,"Map":192},"36":{"RowId":36,"X":-647.907,"Y":30.9619,"Z":-743.914,"Map":192},"37":{"RowId":37,"X":-612.102,"Y":43.3226,"Z":-716.024,"Map":192},"38":{"RowId":38,"X":-604.039,"Y":45.3142,"Z":-663.952,"Map":192},"39":{"RowId":39,"X":-579.959,"Y":50.9741,"Z":-640.002,"Map":192},"40":{"RowId":40,"X":-647.972,"Y":30.7432,"Z":-700.083,"Map":192},"41":{"RowId":41,"X":-643.994,"Y":31.9163,"Z":-656.013,"Map":192},"42":{"RowId":42,"X":-671.994,"Y":26.1353,"Z":-639.951,"Map":192},"43":{"RowId":43,"X":-640.823,"Y":36.3088,"Z":-620.396,"Map":192},"44":{"RowId":44,"X":-599.967,"Y":57.6093,"Z":-555.953,"Map":192},"45":{"RowId":45,"X":-670.061,"Y":34.6152,"Z":-568.079,"Map":192},"46":{"RowId":46,"X":-683.976,"Y":27.1198,"Z":-592.01,"Map":192},"47":{"RowId":47,"X":-707.883,"Y":24.9809,"Z":-632.131,"Map":192},"48":{"RowId":48,"X":-727.973,"Y":15.072,"Z":-661.987,"Map":192},"49":{"RowId":49,"X":-739.844,"Y":14.1896,"Z":-637.858,"Map":192},"50":{"RowId":50,"X":-755.985,"Y":13.093,"Z":-615.906,"Map":192},"51":{"RowId":51,"X":-759.986,"Y":24.3248,"Z":-584.129,"Map":192},"52":{"RowId":52,"X":-731.88,"Y":24.9638,"Z":-592.09,"Map":192},"53":{"RowId":53,"X":-697.993,"Y":29.8736,"Z":-553.922,"Map":192},"54":{"RowId":54,"X":-727.992,"Y":39.0026,"Z":-542.055,"Map":192},"55":{"RowId":55,"X":-760.12,"Y":35.8595,"Z":-536.183,"Map":192},"56":{"RowId":56,"X":-698.037,"Y":42.1419,"Z":-517.968,"Map":192},"57":{"RowId":57,"X":-727.977,"Y":47.3955,"Z":-508.052,"Map":192},"58":{"RowId":58,"X":-767.907,"Y":45.553,"Z":-508.002,"Map":192},"59":{"RowId":59,"X":-803.973,"Y":28.1559,"Z":-563.839,"Map":192},"60":{"RowId":60,"X":-165.372,"Y":31.5,"Z":-48.538,"Map":72},"61":{"RowId":61,"X":-655.603,"Y":31.5,"Z":-869.174,"Map":192}},"340":{"0":{"RowId":0,"X":144.0,"Y":46.0,"Z":-78.375,"Map":82},"1":{"RowId":1,"X":78.5,"Y":51.0,"Z":-100.0,"Map":82},"2":{"RowId":2,"X":130.0,"Y":58.5,"Z":-163.0,"Map":82},"3":{"RowId":3,"X":39.5,"Y":54.5,"Z":-81.0,"Map":82},"4":{"RowId":4,"X":71.5,"Y":34.5,"Z":-30.5,"Map":82},"5":{"RowId":5,"X":143.0,"Y":23.5,"Z":2.0,"Map":82},"6":{"RowId":6,"X":116.5,"Y":9.625,"Z":52.0,"Map":82},"7":{"RowId":7,"X":85.0,"Y":8.75,"Z":63.5,"Map":82},"8":{"RowId":8,"X":125.0,"Y":8.0,"Z":95.0,"Map":82},"9":{"RowId":9,"X":74.5,"Y":7.75,"Z":93.5,"Map":82},"10":{"RowId":10,"X":52.0,"Y":5.0,"Z":132.0,"Map":82},"11":{"RowId":11,"X":64.0,"Y":25.0,"Z":22.5,"Map":82},"12":{"RowId":12,"X":27.7466,"Y":34.0,"Z":13.0,"Map":82},"13":{"RowId":13,"X":32.0,"Y":19.5,"Z":43.5,"Map":82},"14":{"RowId":14,"X":12.0,"Y":9.0,"Z":81.5,"Map":82},"15":{"RowId":15,"X":-92.0,"Y":7.75,"Z":98.0,"Map":82},"16":{"RowId":16,"X":-30.0,"Y":10.0,"Z":78.5,"Map":82},"17":{"RowId":17,"X":-31.0,"Y":21.0,"Z":44.5,"Map":82},"18":{"RowId":18,"X":-82.0,"Y":21.5,"Z":45.5,"Map":82},"19":{"RowId":19,"X":-8.5,"Y":33.0,"Z":1.0,"Map":82},"20":{"RowId":20,"X":-58.0,"Y":30.5,"Z":-3.0,"Map":82},"21":{"RowId":21,"X":-37.0,"Y":41.5,"Z":-36.5,"Map":82},"22":{"RowId":22,"X":-65.5,"Y":32.0,"Z":-35.5,"Map":82},"23":{"RowId":23,"X":-45.5,"Y":47.0,"Z":-65.5,"Map":82},"24":{"RowId":24,"X":-4.0,"Y":46.5,"Z":-73.0,"Map":82},"25":{"RowId":25,"X":-29.0,"Y":56.5,"Z":-106.0,"Map":82},"26":{"RowId":26,"X":-114.0,"Y":31.5,"Z":-40.0,"Map":82},"27":{"RowId":27,"X":-135.75,"Y":27.5,"Z":-108.5,"Map":82},"28":{"RowId":28,"X":-105.0,"Y":34.5,"Z":-154.5,"Map":82},"29":{"RowId":29,"X":-50.5,"Y":56.0,"Z":-150.0,"Map":82},"30":{"RowId":30,"X":-625.625,"Y":46.0,"Z":-560.0,"Map":193},"31":{"RowId":31,"X":-604.0,"Y":51.0,"Z":-625.5,"Map":193},"32":{"RowId":32,"X":-541.0,"Y":58.5,"Z":-574.0,"Map":193},"33":{"RowId":33,"X":-623.0,"Y":54.5,"Z":-664.5,"Map":193},"34":{"RowId":34,"X":-673.5,"Y":34.5,"Z":-632.5,"Map":193},"35":{"RowId":35,"X":-706.0,"Y":23.5,"Z":-561.0,"Map":193},"36":{"RowId":36,"X":-756.0,"Y":9.625,"Z":-587.5,"Map":193},"37":{"RowId":37,"X":-767.5,"Y":8.75,"Z":-619.0,"Map":193},"38":{"RowId":38,"X":-799.0,"Y":8.0,"Z":-579.0,"Map":193},"39":{"RowId":39,"X":-797.5,"Y":7.75,"Z":-629.5,"Map":193},"40":{"RowId":40,"X":-836.0,"Y":5.0,"Z":-652.0,"Map":193},"41":{"RowId":41,"X":-726.5,"Y":25.0,"Z":-640.0,"Map":193},"42":{"RowId":42,"X":-717.0,"Y":34.0,"Z":-676.253,"Map":193},"43":{"RowId":43,"X":-747.5,"Y":19.5,"Z":-672.0,"Map":193},"44":{"RowId":44,"X":-785.5,"Y":9.0,"Z":-692.0,"Map":193},"45":{"RowId":45,"X":-802.0,"Y":7.75,"Z":-796.0,"Map":193},"46":{"RowId":46,"X":-782.5,"Y":10.0,"Z":-734.0,"Map":193},"47":{"RowId":47,"X":-748.5,"Y":21.0,"Z":-735.0,"Map":193},"48":{"RowId":48,"X":-749.5,"Y":21.5,"Z":-786.0,"Map":193},"49":{"RowId":49,"X":-705.0,"Y":33.0,"Z":-712.5,"Map":193},"50":{"RowId":50,"X":-701.0,"Y":30.5,"Z":-762.0,"Map":193},"51":{"RowId":51,"X":-667.5,"Y":41.5,"Z":-741.0,"Map":193},"52":{"RowId":52,"X":-668.5,"Y":32.0,"Z":-769.5,"Map":193},"53":{"RowId":53,"X":-638.5,"Y":47.0,"Z":-749.5,"Map":193},"54":{"RowId":54,"X":-631.0,"Y":46.5,"Z":-708.0,"Map":193},"55":{"RowId":55,"X":-598.0,"Y":56.5,"Z":-733.0,"Map":193},"56":{"RowId":56,"X":-664.0,"Y":31.5,"Z":-818.0,"Map":193},"57":{"RowId":57,"X":-595.5,"Y":27.5,"Z":-839.75,"Map":193},"58":{"RowId":58,"X":-549.5,"Y":34.5,"Z":-809.0,"Map":193},"59":{"RowId":59,"X":-554.0,"Y":56.0,"Z":-754.5,"Map":193},"60":{"RowId":60,"X":252.434,"Y":55.1046,"Z":-114.533,"Map":82},"61":{"RowId":61,"X":-589.383,"Y":55.1046,"Z":-451.566,"Map":193}},"341":{"0":{"RowId":0,"X":-38.0,"Y":-4.0,"Z":-110.0,"Map":83},"1":{"RowId":1,"X":-64.0,"Y":4.0,"Z":-98.0,"Map":83},"2":{"RowId":2,"X":-85.64,"Y":6.0,"Z":-80.02,"Map":83},"3":{"RowId":3,"X":-82.203,"Y":-4.0,"Z":-121.07,"Map":83},"4":{"RowId":4,"X":-118.665,"Y":12.0,"Z":-92.44,"Map":83},"5":{"RowId":5,"X":-39.73,"Y":0.0,"Z":-64.44,"Map":83},"6":{"RowId":6,"X":-72.6,"Y":8.0,"Z":-40.315,"Map":83},"7":{"RowId":7,"X":-117.81,"Y":10.0,"Z":-23.37,"Map":83},